{"sections":{"main":{"type":"main-product","blocks":{"cce5cb73-230a-41de-be54-fee21c231682":{"type":"custom_liquid","settings":{"custom_liquid":"<style>\n.a-icon-star {\n  height: 18px;\n  width: 80px;\n  background-image: url(https:\/\/m.media-amazon.com\/images\/S\/sash\/ouR9NRElwmzAIev.png);\n    -webkit-background-size: 512px 512px;\n    background-size: 512px 512px;\n    background-repeat: no-repeat;\n  display: inline-block;\n  margin: 0;\n  vertical-align: text-top;\n}\n.a-icon.a-star-5 {\n    background-position: -2px -2px;\n}\n<\/style>\n\n<i class=\"a-icon a-icon-star a-star-5\"><\/i> ***** Happy Customers"}},"title":{"type":"title","settings":{}},"472295c3-101f-4f36-837d-66afb7e35450":{"type":"description","settings":{}},"price":{"type":"price","settings":{}},"a408d3cf-cc18-49d2-8140-357b63e87af1":{"type":"custom_liquid","settings":{"custom_liquid":"<span style=\"color: #ff473b;\"><b>FREE Returns<\/b><\/span>\n<br><span class=\"product__stock-label\">LOW IN STOCK<\/span>"}},"a562753d-d3a8-4a4e-8e24-dbde3af4b303":{"type":"variant_picker","settings":{"picker_type":"button"}},"buy_buttons":{"type":"buy_buttons","settings":{"show_dynamic_checkout":false}},"collapsible-row-0":{"type":"collapsible_tab","disabled":true,"settings":{"heading":"DETAILS","icon":"none","content":"<p><strong>Lorem Ipsum<\/strong>is simply dummy text of the printing and typesetting industry. Lorem Ipsum has been the industry's standard dummy text ever since the 1500s, when an unknown printer took a galley of type and scrambled it to make a type specimen book. It has survived not only five centuries, but also the leap into electronic typesetting, remaining essentially u<\/p>","page":""}},"collapsible-row-1":{"type":"collapsible_tab","settings":{"heading":"90 DAY MONEY BACK GUARANTEE","icon":"none","content":"","page":""}},"collapsible-row-2":{"type":"collapsible_tab","disabled":true,"settings":{"heading":"SHIPPING","icon":"none","content":"","page":""}}},"block_order":["cce5cb73-230a-41de-be54-fee21c231682","title","472295c3-101f-4f36-837d-66afb7e35450","price","a408d3cf-cc18-49d2-8140-357b63e87af1","a562753d-d3a8-4a4e-8e24-dbde3af4b303","buy_buttons","collapsible-row-0","collapsible-row-1","collapsible-row-2"],"settings":{"enable_sticky_info":true,"media_position":"left","gallery_layout":"thumbnail_slider","media_size":"medium","mobile_thumbnails":"show","hide_variants":true,"enable_video_looping":false,"padding_top":0,"padding_bottom":100}},"product-recommendations":{"type":"product-recommendations","disabled":true,"settings":{"heading":"You may also like","heading_size":"h2","products_to_show":4,"columns_desktop":4,"color_scheme":"background-1","image_ratio":"square","show_secondary_image":true,"show_vendor":false,"show_rating":false,"columns_mobile":"2","padding_top":36,"padding_bottom":28}},"7125e9e8-a6a9-43df-bb0d-98b3705dcadb":{"type":"svg-logos","blocks":{"template--14546082201703__7125e9e8-a6a9-43df-bb0d-98b3705dcadb-1669296464e2ee480a-0":{"type":"column","settings":{"image":"<svg xmlns=\"http:\/\/www.w3.org\/2000\/svg\" viewbox=\"0 0 576 512\"><path d=\"M552 64H448V24c0-13.3-10.7-24-24-24H152c-13.3 0-24 10.7-24 24v40H24C10.7 64 0 74.7 0 88v56c0 35.7 22.5 72.4 61.9 100.7 31.5 22.7 69.8 37.1 110 41.7C203.3 338.5 240 360 240 360v72h-48c-35.3 0-64 20.7-64 56v12c0 6.6 5.4 12 12 12h296c6.6 0 12-5.4 12-12v-12c0-35.3-28.7-56-64-56h-48v-72s36.7-21.5 68.1-73.6c40.3-4.6 78.6-19 110-41.7 39.3-28.3 61.9-65 61.9-100.7V88c0-13.3-10.7-24-24-24zM99.3 192.8C74.9 175.2 64 155.6 64 144v-16h64.2c1 32.6 5.8 61.2 12.8 86.2-15.1-5.2-29.2-12.4-41.7-21.4zM512 144c0 16.1-17.7 36.1-35.3 48.8-12.5 9-26.7 16.2-41.8 21.4 7-25 11.8-53.6 12.8-86.2H512v16z\"><\/path><\/svg>","title":"","text":"<p>LOREM IPSUM.<\/p>","link_label":"","link":""}},"template--14546082201703__7125e9e8-a6a9-43df-bb0d-98b3705dcadb-1669296464e2ee480a-1":{"type":"column","settings":{"image":"<svg xmlns=\"http:\/\/www.w3.org\/2000\/svg\" viewbox=\"0 0 640 512\"><!--! Font Awesome Pro 6.2.1 by @fontawesome - https:\/\/fontawesome.com License - https:\/\/fontawesome.com\/license (Commercial License) Copyright 2022 Fonticons, Inc. --><path d=\"M48 0C21.5 0 0 21.5 0 48V368c0 26.5 21.5 48 48 48H64c0 53 43 96 96 96s96-43 96-96H384c0 53 43 96 96 96s96-43 96-96h32c17.7 0 32-14.3 32-32s-14.3-32-32-32V288 256 237.3c0-17-6.7-33.3-18.7-45.3L512 114.7c-12-12-28.3-18.7-45.3-18.7H416V48c0-26.5-21.5-48-48-48H48zM416 160h50.7L544 237.3V256H416V160zM208 416c0 26.5-21.5 48-48 48s-48-21.5-48-48s21.5-48 48-48s48 21.5 48 48zm272 48c-26.5 0-48-21.5-48-48s21.5-48 48-48s48 21.5 48 48s-21.5 48-48 48z\"><\/path><\/svg>","title":"","text":"<p>LOREM IPSUM.<\/p>","link_label":"","link":""}},"template--14546082201703__7125e9e8-a6a9-43df-bb0d-98b3705dcadb-1669296464e2ee480a-2":{"type":"column","settings":{"image":"<svg xmlns=\"http:\/\/www.w3.org\/2000\/svg\" viewbox=\"0 0 512 512\"><!--! Font Awesome Pro 6.2.1 by @fontawesome - https:\/\/fontawesome.com License - https:\/\/fontawesome.com\/license (Commercial License) Copyright 2022 Fonticons, Inc. --><path d=\"M272 96c-78.6 0-145.1 51.5-167.7 122.5c33.6-17 71.5-26.5 111.7-26.5h88c8.8 0 16 7.2 16 16s-7.2 16-16 16H288 216s0 0 0 0c-16.6 0-32.7 1.9-48.3 5.4c-25.9 5.9-49.9 16.4-71.4 30.7c0 0 0 0 0 0C38.3 298.8 0 364.9 0 440v16c0 13.3 10.7 24 24 24s24-10.7 24-24V440c0-48.7 20.7-92.5 53.8-123.2C121.6 392.3 190.3 448 272 448l1 0c132.1-.7 239-130.9 239-291.4c0-42.6-7.5-83.1-21.1-119.6c-2.6-6.9-12.7-6.6-16.2-.1C455.9 72.1 418.7 96 376 96L272 96z\"><\/path><\/svg>","title":"","text":"<p>LOREM IPSUM.<\/p>","link_label":"","link":""}},"9ee79331-9dcc-4ca6-bc02-7a04186d9d9e":{"type":"column","settings":{"image":"<svg xmlns=\"http:\/\/www.w3.org\/2000\/svg\" viewbox=\"0 0 576 512\"><!--! Font Awesome Pro 6.2.1 by @fontawesome - https:\/\/fontawesome.com License - https:\/\/fontawesome.com\/license (Commercial License) Copyright 2022 Fonticons, Inc. --><path d=\"M0 176c0-44.2 35.8-80 80-80H464c44.2 0 80 35.8 80 80v16c17.7 0 32 14.3 32 32v64c0 17.7-14.3 32-32 32v16c0 44.2-35.8 80-80 80H80c-44.2 0-80-35.8-80-80V176zm80-16c-8.8 0-16 7.2-16 16V336c0 8.8 7.2 16 16 16H464c8.8 0 16-7.2 16-16V176c0-8.8-7.2-16-16-16H80zm368 32V320H96V192H448z\"><\/path><\/svg>","title":"","text":"<p>LOREM IPSUM.<\/p>","link_label":"","link":""}}},"block_order":["template--14546082201703__7125e9e8-a6a9-43df-bb0d-98b3705dcadb-1669296464e2ee480a-0","template--14546082201703__7125e9e8-a6a9-43df-bb0d-98b3705dcadb-1669296464e2ee480a-1","template--14546082201703__7125e9e8-a6a9-43df-bb0d-98b3705dcadb-1669296464e2ee480a-2","9ee79331-9dcc-4ca6-bc02-7a04186d9d9e"],"settings":{"title":"","heading_size":"h1","columns_desktop":4,"column_alignment":"center","background_style":"none","button_label":"","button_link":"","color_scheme":"background-2","columns_mobile":"2","swipe_on_mobile":false,"padding_top":72,"padding_bottom":72}},"23ae798a-71cb-4e3f-8a87-21cac42210fe":{"type":"custom-liquid","settings":{"custom_liquid":"","color_scheme":"background-1","padding_top":100,"padding_bottom":0}},"96f23a5a-8158-47a6-bd77-8a52d37f3d40":{"type":"multicolumn","blocks":{"template--14546082201703__96f23a5a-8158-47a6-bd77-8a52d37f3d40-1669298427089b1ebe-0":{"type":"column","settings":{"title":"","text":"<p>Add a product description or hide this section.<\/p>","link_label":"","link":""}},"template--14546082201703__96f23a5a-8158-47a6-bd77-8a52d37f3d40-1669298427089b1ebe-2":{"type":"column","settings":{"title":"","text":"<p><strong>✓ <\/strong>Curabitur porta ante et ligula molestie, vitae auctor nulla finibus. Mauris vel eros ex.<\/p><p><strong>✓ <\/strong>Curabitur porta ante et ligula molestie, vitae auctor nulla finibus. Mauris vel eros ex.<\/p><p><strong>✓ <\/strong>Curabitur porta ante et ligula molestie, vitae auctor nulla finibus. Mauris vel eros ex.<\/p>","link_label":"","link":""}}},"block_order":["template--14546082201703__96f23a5a-8158-47a6-bd77-8a52d37f3d40-1669298427089b1ebe-0","template--14546082201703__96f23a5a-8158-47a6-bd77-8a52d37f3d40-1669298427089b1ebe-2"],"settings":{"title":"OVERVIEW","heading_size":"h1","image_width":"full","image_ratio":"adapt","columns_desktop":2,"column_alignment":"left","background_style":"none","button_label":"","button_link":"","color_scheme":"background-2","columns_mobile":"1","swipe_on_mobile":false,"padding_top":36,"padding_bottom":36}},"851e085d-edf1-48ef-a968-6e34c15c9685":{"type":"image-with-text","blocks":{"template--14546082201703__851e085d-edf1-48ef-a968-6e34c15c9685-1669298427b922bea2-0":{"type":"heading","settings":{"heading":"Image with text","heading_size":"h1"}},"template--14546082201703__851e085d-edf1-48ef-a968-6e34c15c9685-1669298427b922bea2-1":{"type":"text","settings":{"text":"<p>Pair text with an image to focus on your chosen product, collection, or blog post. Add details on availability, style, or even provide a review.<\/p>","text_style":"body"}}},"block_order":["template--14546082201703__851e085d-edf1-48ef-a968-6e34c15c9685-1669298427b922bea2-0","template--14546082201703__851e085d-edf1-48ef-a968-6e34c15c9685-1669298427b922bea2-1"],"settings":{"height":"adapt","desktop_image_width":"medium","layout":"text_first","desktop_content_position":"middle","desktop_content_alignment":"right","content_layout":"no-overlap","color_scheme":"background-1","mobile_content_alignment":"left","padding_top":60,"padding_bottom":36}},"24b02fc6-3a8f-40e8-aec1-24479af2f796":{"type":"image-with-text","blocks":{"template--14546082201703__24b02fc6-3a8f-40e8-aec1-24479af2f796-1669298427b922bea2-0":{"type":"heading","settings":{"heading":"Image with text","heading_size":"h1"}},"template--14546082201703__24b02fc6-3a8f-40e8-aec1-24479af2f796-1669298427b922bea2-1":{"type":"text","settings":{"text":"<p>Pair text with an image to focus on your chosen product, collection, or blog post. Add details on availability, style, or even provide a review.<\/p>","text_style":"body"}}},"block_order":["template--14546082201703__24b02fc6-3a8f-40e8-aec1-24479af2f796-1669298427b922bea2-0","template--14546082201703__24b02fc6-3a8f-40e8-aec1-24479af2f796-1669298427b922bea2-1"],"settings":{"height":"adapt","desktop_image_width":"medium","layout":"image_first","desktop_content_position":"middle","desktop_content_alignment":"left","content_layout":"no-overlap","color_scheme":"background-1","mobile_content_alignment":"left","padding_top":36,"padding_bottom":36}},"54d1e005-f429-4a5b-81e2-26b9f3ac6c37":{"type":"rich-text","blocks":{"template--14546082201703__54d1e005-f429-4a5b-81e2-26b9f3ac6c37-1669298427b10fd02b-0":{"type":"heading","settings":{"heading":"<p><strong>TITLE WITH TEXT.<\/strong><\/p>","heading_size":"h0"}}},"block_order":["template--14546082201703__54d1e005-f429-4a5b-81e2-26b9f3ac6c37-1669298427b10fd02b-0"],"settings":{"desktop_content_position":"center","content_alignment":"center","color_scheme":"background-1","full_width":true,"padding_top":68,"padding_bottom":76}},"bd28be92-179f-4194-8ca2-bcde148ca9f9":{"type":"multicolumn","blocks":{"template--14546082201703__bd28be92-179f-4194-8ca2-bcde148ca9f9-1669298427089b1ebe-0":{"type":"column","settings":{"title":"TEXT BLOCK #1","text":"<p>Lorem ipsum dolor sit amet, consectetur adipiscing elit.<\/p>","link_label":"","link":""}},"template--14546082201703__bd28be92-179f-4194-8ca2-bcde148ca9f9-1669298427089b1ebe-1":{"type":"column","settings":{"title":"TEXT BLOCK #2","text":"<p>Lorem ipsum dolor sit amet, consectetur adipiscing elit.<\/p>","link_label":"","link":""}},"template--14546082201703__bd28be92-179f-4194-8ca2-bcde148ca9f9-1669298427089b1ebe-2":{"type":"column","settings":{"title":"TEXT BLOCK #3","text":"<p>Lorem ipsum dolor sit amet, consectetur adipiscing elit.<\/p>","link_label":"","link":""}}},"block_order":["template--14546082201703__bd28be92-179f-4194-8ca2-bcde148ca9f9-1669298427089b1ebe-0","template--14546082201703__bd28be92-179f-4194-8ca2-bcde148ca9f9-1669298427089b1ebe-1","template--14546082201703__bd28be92-179f-4194-8ca2-bcde148ca9f9-1669298427089b1ebe-2"],"settings":{"title":"","heading_size":"h1","image_width":"full","image_ratio":"adapt","columns_desktop":3,"column_alignment":"center","background_style":"none","button_label":"","button_link":"","color_scheme":"background-2","columns_mobile":"1","swipe_on_mobile":false,"padding_top":56,"padding_bottom":40}},"4a3e4990-96a1-4326-88be-a3e38fac5734":{"type":"rich-text","blocks":{"726d6602-1979-406f-90e2-b68e13e68fec":{"type":"caption","settings":{"caption":"PRE-TITLE","text_style":"caption-with-letter-spacing","text_size":"large"}},"template--14546082201703__4a3e4990-96a1-4326-88be-a3e38fac5734-1669299681a90416b6-0":{"type":"heading","settings":{"heading":"<p>RICH TEXT TITLE<\/p>","heading_size":"h2"}},"template--14546082201703__4a3e4990-96a1-4326-88be-a3e38fac5734-1669299681a90416b6-1":{"type":"text","settings":{"text":"<p>Share information about your brand with your customers. Describe a product, make announcements, or welcome customers to your store.<\/p>"}}},"block_order":["726d6602-1979-406f-90e2-b68e13e68fec","template--14546082201703__4a3e4990-96a1-4326-88be-a3e38fac5734-1669299681a90416b6-0","template--14546082201703__4a3e4990-96a1-4326-88be-a3e38fac5734-1669299681a90416b6-1"],"settings":{"desktop_content_position":"center","content_alignment":"center","color_scheme":"background-1","full_width":true,"padding_top":100,"padding_bottom":52}},"42990487-e7bc-4432-b152-f28c07b9c1aa":{"type":"collapsible-content","blocks":{"template--14546082201703__42990487-e7bc-4432-b152-f28c07b9c1aa-1670828284654174c2-0":{"type":"collapsible_row","settings":{"heading":"Collapsible row","icon":"check_mark","row_content":"","page":""}},"template--14546082201703__42990487-e7bc-4432-b152-f28c07b9c1aa-1670828284654174c2-1":{"type":"collapsible_row","settings":{"heading":"Collapsible row","icon":"check_mark","row_content":"","page":""}},"template--14546082201703__42990487-e7bc-4432-b152-f28c07b9c1aa-1670828284654174c2-2":{"type":"collapsible_row","settings":{"heading":"Collapsible row","icon":"check_mark","row_content":"","page":""}},"template--14546082201703__42990487-e7bc-4432-b152-f28c07b9c1aa-1670828284654174c2-3":{"type":"collapsible_row","settings":{"heading":"Collapsible row","icon":"check_mark","row_content":"","page":""}}},"block_order":["template--14546082201703__42990487-e7bc-4432-b152-f28c07b9c1aa-1670828284654174c2-0","template--14546082201703__42990487-e7bc-4432-b152-f28c07b9c1aa-1670828284654174c2-1","template--14546082201703__42990487-e7bc-4432-b152-f28c07b9c1aa-1670828284654174c2-2","template--14546082201703__42990487-e7bc-4432-b152-f28c07b9c1aa-1670828284654174c2-3"],"settings":{"caption":"","heading":"Frequently Asked Questions","heading_size":"h2","heading_alignment":"center","layout":"none","color_scheme":"background-1","container_color_scheme":"background-2","open_first_collapsible_row":false,"image_ratio":"adapt","desktop_layout":"image_second","padding_top":36,"padding_bottom":36}},"pf-1443aae5":{"type":"pf-1443aae5","settings":{}}},"order":["main","product-recommendations","7125e9e8-a6a9-43df-bb0d-98b3705dcadb","23ae798a-71cb-4e3f-8a87-21cac42210fe","96f23a5a-8158-47a6-bd77-8a52d37f3d40","851e085d-edf1-48ef-a968-6e34c15c9685","24b02fc6-3a8f-40e8-aec1-24479af2f796","54d1e005-f429-4a5b-81e2-26b9f3ac6c37","bd28be92-179f-4194-8ca2-bcde148ca9f9","4a3e4990-96a1-4326-88be-a3e38fac5734","42990487-e7bc-4432-b152-f28c07b9c1aa","pf-1443aae5"],"layout":"theme.pagefly"}